{"cameraMode":{"drawMode":0,"name":"Shaded","section":"Shading Mode"},"sceneLighting":true,"audioPlay":false,"sceneViewState":{"showFog":true,"showMaterialUpdate":true,"showSkybox":true,"showFlares":true,"showImageEffects":true,"showParticleSystems":true},"in2DMode":false,"pivot":{"x":636.1488037109375,"y":-214.14434814453126,"z":-681.43798828125},"rotation":{"x":0.2011328637599945,"y":0.4652273952960968,"z":-0.10938187688589096,"w":0.8550699949264526},"size":2447.363525390625,"orthographic":false}