{"cameraMode":{"drawMode":0,"name":"Shaded","section":"Shading Mode"},"sceneLighting":true,"audioPlay":false,"sceneViewState":{"showFog":true,"showMaterialUpdate":true,"showSkybox":true,"showFlares":true,"showImageEffects":true,"showParticleSystems":true},"in2DMode":false,"pivot":{"x":0.3307669162750244,"y":1.9652633666992188,"z":-0.38700437545776369},"rotation":{"x":-0.08310731500387192,"y":0.9158259630203247,"z":-0.2999415695667267,"w":-0.2537541687488556},"size":5.652537822723389,"orthographic":true}